{"atlas":{"type":"mtsdf","distanceRange":20,"size":64,"width":172,"height":172,"yOrigin":"bottom"},"metrics":{"emSize":1,"lineHeight":1.08984375,"ascender":1,"descender":0,"underlineY":0.009765625,"underlineThickness":0},"glyphs":[{"unicode":65,"advance":1,"planeBounds":{"left":0.04736328125,"bottom":-0.15625,"right":0.95361328125,"top":1.15625},"atlasBounds":{"left":0.5,"bottom":87.5,"right":58.5,"top":171.5}},{"unicode":66,"advance":1,"planeBounds":{"left":0.04736328125,"bottom":-0.15576171875,"right":0.95361328125,"top":1.15673828125},"atlasBounds":{"left":59.5,"bottom":87.5,"right":117.5,"top":171.5}},{"unicode":67,"advance":1,"planeBounds":{"left":-0.15625,"bottom":0.04736328125,"right":1.15625,"top":0.95361328125},"atlasBounds":{"left":85.5,"bottom":28.5,"right":169.5,"top":86.5}},{"unicode":68,"advance":1,"planeBounds":{"left":-0.15625,"bottom":0.04736328125,"right":1.15625,"top":0.95361328125},"atlasBounds":{"left":0.5,"bottom":28.5,"right":84.5,"top":86.5}}]}
