{"atlas":{"type":"mtsdf","distanceRange":20,"size":64,"width":168,"height":168,"yOrigin":"bottom"},"metrics":{"emSize":1,"lineHeight":1.08984375,"ascender":1,"descender":0,"underlineY":0.009765625,"underlineThickness":0},"glyphs":[{"unicode":65,"advance":1,"planeBounds":{"left":-0.10135091145833322,"bottom":-0.15625,"right":1.1017740885416667,"top":1.15625},"atlasBounds":{"left":0.5,"bottom":83.5,"right":77.5,"top":167.5}},{"unicode":66,"advance":1,"planeBounds":{"left":-0.15625,"bottom":-0.12451171875,"right":1.15625,"top":1.12548828125},"atlasBounds":{"left":0.5,"bottom":2.5,"right":84.5,"top":82.5}},{"unicode":67,"advance":1,"planeBounds":{"left":-0.054687499999999944,"bottom":-0.15570068359375,"right":1.0546875,"top":1.15679931640625},"atlasBounds":{"left":78.5,"bottom":83.5,"right":149.5,"top":167.5}}]}
